Game,TotalEarnings,OnlineEarnings,TotalPlayers,TotalTournaments,AvgPlayerT,AvgEarningsP,AvgEarningsT
Arena of Valor,41290753.03,37745368.92,812,73,11.123287671232877,50850.681071428575,565626.7538356164
Call of Duty: Mobile,3057280.0,935280.0,185,6,30.833333333333332,16525.837837837837,509546.6666666667
TEPPEN,456721.47,456721.47,12,1,12.0,38060.1225,456721.47
Mobile Legends: Bang Bang,1316000.0,1316000.0,124,3,41.333333333333336,10612.90322580645,438666.6666666667
PLAYERUNKNOWN'S BATTLEGROUNDS Mobile,31118651.32,21013703.97,1814,74,24.513513513513512,17154.71406835722,420522.31513513514
Madden NFL 2013,400000.0,400000.0,8,1,8.0,50000.0,400000.0
F1 2021,750339.0,0.0,25,2,12.5,30013.56,375169.5
F1 2019,538047.38,538047.38,25,2,12.5,21521.8952,269023.69
League of Legends: Wild Rift,1024288.0,679288.0,178,4,44.5,5754.426966292135,256072.0
F1 2020,752235.0,0.0,42,3,14.0,17910.35714285714,250745.0
Aim Gods,250000.0,0.0,2,1,2.0,125000.0,250000.0
NBA 2K18,1000000.0,1000000.0,91,4,22.75,10989.010989010989,250000.0
Madden NFL 2017,1004000.0,1004000.0,42,5,8.4,23904.761904761905,200800.0
F1 2018,200000.0,200000.0,21,1,21.0,9523.809523809523,200000.0
Magic: The Gathering Arena,8488000.0,5354000.0,282,48,5.875,30099.290780141844,176833.33333333334
Dota 2,279153000.65,255582820.83,4180,1590,2.6289308176100628,66783.01450956937,175567.9249371069
FIFA Online 3,1434341.9,1434341.9,88,9,9.777777777777779,16299.339772727271,159371.32222222222
H1Z1,2067122.0,2067122.0,119,13,9.153846153846153,17370.7731092437,159009.38461538462
Fortnite,111339316.05,42203537.61,4931,750,6.574666666666666,22579.45975461367,148452.4214
Free Fire,4415734.23,3593500.23,659,31,21.258064516129032,6700.658922610016,142443.03967741938
chess24,2705625.43,0.0,80,19,4.2105263157894735,33820.317875,142401.33842105264
FIFA Online 4,1681120.0,791120.0,155,12,12.916666666666666,10845.935483870968,140093.33333333334
Magic: The Gathering Online,1218000.0,1218000.0,130,10,13.0,9369.23076923077,121800.0
Turbo Racing League,1000000.0,500000.0,16,9,1.7777777777777777,62500.0,111111.11111111111
Forza Motorsport 2,222000.0,222000.0,17,2,8.5,13058.823529411764,111000.0
PLAYERUNKNOWNâ€™S BATTLEGROUNDS,42981357.41,32396915.2,3052,388,7.865979381443299,14083.01356815203,110776.6943556701
Pro Evolution Soccer 2019,216000.0,216000.0,25,2,12.5,8640.0,108000.0
Madden NFL 2008,100000.0,100000.0,1,1,1.0,100000.0,100000.0
Zula,100000.0,100000.0,20,1,20.0,5000.0,100000.0
Madden NFL 2007,100000.0,100000.0,1,1,1.0,100000.0,100000.0
Creative Destruction,100000.0,0.0,8,1,8.0,12500.0,100000.0
Madden NFL 2006,100000.0,100000.0,1,1,1.0,100000.0,100000.0
Madden NFL 2009,100000.0,100000.0,1,1,1.0,100000.0,100000.0
Call of Duty: Black Ops 4,6731938.95,6636161.95,379,68,5.573529411764706,17762.371899736147,98999.10220588236
Call of Duty: Black Ops Cold War,6035000.0,3500000.0,243,61,3.9836065573770494,24835.39094650206,98934.4262295082
SMITE,9250112.75,7872832.57,545,97,5.618556701030927,16972.68394495413,95361.98711340207
Madden NFL 2018,279676.62,20676.62,40,3,13.333333333333334,6991.9155,93225.54
Call of Duty: Modern Warfare,7500784.5,678562.5,382,81,4.716049382716049,19635.56151832461,92602.27777777778
Halo 5: Guardians,7105480.97,6782680.97,239,77,3.103896103896104,29730.04589958159,92278.97363636363
FIFA 21,2245134.53,84140.13,234,26,9.0,9594.592008547008,86351.32807692306
Pro Evolution Soccer 2018,250000.0,250000.0,20,3,6.666666666666667,12500.0,83333.33333333333
Brawl Stars,2557950.0,1336250.0,215,31,6.935483870967742,11897.441860465116,82514.51612903226
Blade & Soul,409355.52,409355.52,51,5,10.2,8026.578823529412,81871.104
Gears 5,1783000.0,680000.0,160,22,7.2727272727272725,11143.75,81045.45454545454
Painkiller,1015000.0,1015000.0,48,13,3.6923076923076925,21145.833333333332,78076.92307692308
Shadowverse,3211177.09,3080377.09,239,42,5.690476190476191,13435.88740585774,76456.59738095237
Big Buck Hunter Arcade,76200.0,76200.0,3,1,3.0,25400.0,76200.0
Gears of War 4,3087285.0,3055000.0,135,41,3.292682926829268,22868.777777777777,75299.63414634146
Hyper Scape,299000.0,0.0,260,4,65.0,1150.0,74750.0
World of Tanks,3671496.59,3598031.72,404,51,7.921568627450981,9087.862846534654,71990.12921568628
Call of Duty: World War II,4560271.0,4498605.0,270,65,4.153846153846154,16889.892592592594,70158.01538461538
NHL 13,70000.0,70000.0,1,1,1.0,70000.0,70000.0
Rise of Nations: Rise of Legends,69600.0,69600.0,8,1,8.0,8700.0,69600.0
Forza Motorsport 7,820200.0,616200.0,124,12,10.333333333333334,6614.5161290322585,68350.0
Clash of Clans,2720852.87,1127101.87,191,40,4.775,14245.302984293194,68021.32175
FIFA 19,3242642.34,3233027.83,299,48,6.229166666666667,10844.957658862875,67555.04875
Teamfight Tactics,1069313.65,235250.0,181,16,11.3125,5907.810220994475,66832.103125
Clash Royale,3363348.27,3149638.98,290,51,5.686274509803922,11597.752655172413,65948.00529411765
Doom 3,257748.16,257748.16,14,4,3.5,18410.582857142857,64437.04
Multigaming,444857.33,444857.33,30,7,4.285714285714286,14828.577666666668,63551.04714285715
Radical Heights,120000.0,0.0,12,2,6.0,10000.0,60000.0
Rainbow Six Siege,20584184.83,15266547.64,2162,352,6.142045454545454,9520.89955134135,58477.79781249999
Gears of War: Ultimate Edition,170000.0,170000.0,39,3,13.0,4358.974358974359,56666.666666666664
Fall Guys,334273.83,0.0,250,6,41.666666666666664,1337.0953200000001,55712.305
Warface,109555.0,109555.0,32,2,16.0,3423.59375,54777.5
Counter-Strike: Condition Zero,162150.6,162150.6,111,3,37.0,1460.8162162162162,54050.200000000004
Halo 3,2318079.4,2161479.4,214,43,4.976744186046512,10832.146728971962,53908.82325581395
Call of Duty: Infinite Warfare,4156205.06,4049855.06,341,80,4.2625,12188.284633431085,51952.56325
Hearthstone Battlegrounds,203630.0,0.0,40,4,10.0,5090.75,50907.5
Call of Duty: Black Ops III,3939783.29,3783077.02,419,78,5.371794871794871,9402.824081145585,50510.04217948718
Resistance 2,50400.0,0.0,194,1,194.0,259.7938144329897,50400.0
Borderlands 3,50000.0,0.0,16,1,16.0,3125.0,50000.0
Descent 3,50000.0,50000.0,1,1,1.0,50000.0,50000.0
Spellbreak,50000.0,0.0,42,1,42.0,1190.4761904761904,50000.0
FIFA 2000,50000.0,50000.0,4,1,4.0,12500.0,50000.0
Madden NFL 2016,50000.0,50000.0,8,1,8.0,6250.0,50000.0
FIFA 18,2233697.69,2221267.08,235,48,4.895833333333333,9505.09655319149,46535.36854166666
Uncharted 4: A Thief's End,46235.07,46235.07,5,1,5.0,9247.014,46235.07
Legends of Runeterra,320181.03,0.0,47,7,6.714285714285714,6812.362340425532,45740.147142857146
FIFA 2002 World Cup,43000.0,43000.0,8,1,8.0,5375.0,43000.0
World of WarCraft,6976337.61,5081388.91,472,164,2.8780487804878048,14780.376292372883,42538.64396341464
Overwatch,32213162.28,18615744.45,3617,765,4.728104575163399,8906.044312966547,42108.7088627451
Madden NFL 19,125000.0,125000.0,5,3,1.6666666666666667,25000.0,41666.666666666664
NASCAR Heat 4,200500.0,0.0,34,5,6.8,5897.058823529412,40100.0
Aliens versus Predator 2,40000.0,40000.0,1,1,1.0,40000.0,40000.0
Call of Duty: Vanguard,626500.0,0.0,128,16,8.0,4894.53125,39156.25
Dead or Alive 4,497745.31,497745.31,45,13,3.4615384615384617,11061.006888888889,38288.10076923077
Heroes of the Storm,18280006.65,14196415.95,1271,478,2.6589958158995817,14382.381313926042,38242.69173640167
F.E.A.R.,178000.0,178000.0,20,5,4.0,8900.0,35600.0
Need for Speed: Underground,35000.0,35000.0,3,1,3.0,11666.666666666666,35000.0
FIFA 20,2117946.76,1066013.14,297,61,4.868852459016393,7131.1338720538715,34720.438688524584
Call of Duty: Blackout,611608.35,321008.35,175,18,9.722222222222221,3494.904857142857,33978.24166666667
Counter-Strike Online,406989.6,406989.6,70,12,5.833333333333333,5814.137142857143,33915.799999999996
League of Legends,90041272.98,79598951.3,8018,2665,3.0086303939962478,11229.891865801947,33786.59398874296
Rocket Arena,100000.0,0.0,24,3,8.0,4166.666666666667,33333.333333333336
Pro Evolution Soccer 2017,514697.71,514697.71,39,16,2.4375,13197.377179487181,32168.606875
Pro Evolution Soccer 5,32000.0,32000.0,4,1,4.0,8000.0,32000.0
Identity V,31911.1,31911.1,6,1,6.0,5318.516666666666,31911.1
FIFA 17,1482612.63,1482612.63,156,48,3.25,9503.927115384615,30887.763124999998
Paladins,2360057.6,1659000.0,599,78,7.67948717948718,3939.995993322204,30257.14871794872
Call of Duty: Warzone,8996609.13,100000.0,1125,298,3.7751677852348995,7996.985893333334,30189.963523489936
Dead or Alive Ultimate,30000.0,30000.0,3,1,3.0,10000.0,30000.0
Project Gotham Racing 3,297286.85,297286.85,33,10,3.3,9008.692424242423,29728.684999999998
Pro Evolution Soccer 2014,29410.25,29410.25,4,1,4.0,7352.5625,29410.25
Auto Chess,1144920.28,1037222.28,124,39,3.1794871794871793,9233.22806451613,29356.930256410258
Realm Royale,263000.0,0.0,47,9,5.222222222222222,5595.744680851064,29222.222222222223
Red Stone,58000.0,58000.0,12,2,6.0,4833.333333333333,29000.0
Escape from Tarkov,114600.0,0.0,150,4,37.5,764.0,28650.0
FIFA 22,28622.56,28622.56,16,1,16.0,1788.91,28622.56
KartRider,567366.35,567366.35,76,20,3.8,7465.346710526315,28368.317499999997
Hearthstone,26689371.78,18495720.37,2665,948,2.811181434599156,10014.773651031895,28153.345759493674
Call of Duty: Black Ops 2,1479139.25,1430071.63,187,54,3.462962962962963,7909.835561497326,27391.46759259259
Stardew Valley,54250.0,0.0,56,2,28.0,968.75,27125.0
World in Conflict,293338.23,293338.23,38,11,3.4545454545454546,7719.4271052631575,26667.111818181816
Halo: Reach,772089.97,712089.97,121,29,4.172413793103448,6380.908842975206,26623.792068965515
"Warhammer 40,000: Dawn of War",79816.5,79816.5,7,3,2.3333333333333335,11402.357142857143,26605.5
Pro Evolution Soccer 2015,26544.76,26544.76,3,1,3.0,8848.253333333332,26544.76
Unreal Tournament 3,104977.82,104977.82,7,4,1.75,14996.83142857143,26244.455
Call of Duty: Modern Warfare 3,1160815.66,1144955.66,209,45,4.644444444444445,5554.141913875597,25795.903555555553
Asphalt 9: Legends,51520.0,51520.0,5,2,2.5,10304.0,25760.0
Rainbow Six: Vegas,176400.77,176400.77,137,7,19.571428571428573,1287.5968613138684,25200.109999999997
Sea of Thieves,100000.0,0.0,67,4,16.75,1492.5373134328358,25000.0
Rogue Company,50000.0,0.0,48,2,24.0,1041.6666666666667,25000.0
Splitgate: Arena Warfare,50000.0,0.0,64,2,32.0,781.25,25000.0
WWE 2K20,50000.0,0.0,20,2,10.0,2500.0,25000.0
Halo 2 Anniversary,468705.05,468705.05,97,20,4.85,4832.010824742268,23435.2525
FIFA 2001,46000.0,46000.0,9,2,4.5,5111.111111111111,23000.0
Apex Legends,9437038.69,2014420.75,1538,414,3.714975845410628,6135.9159232769825,22794.779444444444
Vainglory,797421.19,696825.87,247,35,7.057142857142857,3228.425870445344,22783.46257142857
Halo 4,430748.76,428498.76,66,19,3.473684210526316,6526.496363636364,22670.987368421054
Return to Castle Wolfenstein,67424.3,67424.3,30,3,10.0,2247.476666666667,22474.766666666666
Injustice 2,837447.16,836014.57,81,38,2.1315789473684212,10338.853827160494,22038.083157894736
Gran Turismo 4,44000.0,44000.0,5,2,2.5,8800.0,22000.0
Halo 2,1626762.47,1489362.47,126,74,1.7027027027027026,12910.813253968254,21983.276621621622
Point Blank,699167.75,589898.15,297,32,9.28125,2354.100168350168,21848.9921875
Street Fighter V: Arcade Edition,2266885.95,2266035.95,235,105,2.238095238095238,9646.323191489362,21589.390000000003
Minecraft,429539.15,10000.0,84,20,4.2,5113.5613095238095,21476.9575
CrossFire,6609445.02,5876309.23,643,310,2.074193548387097,10279.074681181959,21320.79038709677
Counter-Strike: Global Offensive,129352068.91,83502772.76,14708,6081,2.4186811379707285,8794.674252787598,21271.512729814174
Call of Duty: Ghosts,1594185.25,1504472.89,199,76,2.6184210526315788,8010.981155778894,20976.121710526317
Farming Simulator 19,386311.88,119445.81,104,19,5.473684210526316,3714.537307692308,20332.204210526317
Pro Evolution Soccer 4,40550.64,40550.64,11,2,5.5,3686.4218181818183,20275.32
Mad Skills Motocross 2,20163.0,20163.0,12,1,12.0,1680.25,20163.0
rFactor 2,1594178.42,1141396.94,350,81,4.320987654320987,4554.795485714286,19681.215061728395
Sekiro: Shadows Die Twice,19596.0,0.0,20,1,20.0,979.8,19596.0
Forza Motorsport 6,172600.0,170200.0,43,9,4.777777777777778,4013.953488372093,19177.777777777777
Street Fighter V,2218298.43,2218298.43,239,122,1.959016393442623,9281.583389121339,18182.774016393443
FIFA 03,54066.44,54066.44,10,3,3.3333333333333335,5406.644,18022.146666666667
Unreal Tournament,89000.0,89000.0,14,5,2.8,6357.142857142857,17800.0
Old School Runescape,437504.2,28500.0,77,25,3.08,5681.872727272727,17500.168
Project Gotham Racing 2,35000.0,35000.0,4,2,2.0,8750.0,17500.0
Ring of Elysium,70000.0,0.0,9,4,2.25,7777.777777777777,17500.0
NHL 18,102700.0,90000.0,20,6,3.3333333333333335,5135.0,17116.666666666668
FIFA 07,238312.23,238312.23,43,14,3.0714285714285716,5542.144883720931,17022.302142857145
Zwift,33827.08,0.0,6,2,3.0,5637.846666666667,16913.54
Call of Duty,50629.77,50629.77,51,3,17.0,992.740588235294,16876.59
Call of Duty: Black Ops,375793.48,346969.18,118,23,5.130434782608695,3184.6905084745763,16338.846956521738
iRacing.com,2428774.43,208017.1,1141,152,7.506578947368421,2128.636660823839,15978.779144736844
Enemy Territory: Quake Wars,60923.12,60923.12,27,4,6.75,2256.411851851852,15230.78
Carom 3D,60500.0,60500.0,11,4,2.75,5500.0,15125.0
The Binding of Isaac,15000.0,0.0,16,1,16.0,937.5,15000.0
Asphalt 4,29500.0,29500.0,5,2,2.5,5900.0,14750.0
VALORANT,8859667.5,2714104.88,3614,632,5.718354430379747,2451.485196458218,14018.461234177215
Gears of War,252195.57,252195.57,33,18,1.8333333333333333,7642.29,14010.865
The Division 2,27250.0,0.0,40,2,20.0,681.25,13625.0
Battlefield Hardline,13463.28,13463.28,20,1,20.0,673.164,13463.28
FIFA 04,40000.0,40000.0,3,3,1.0,13333.333333333334,13333.333333333334
Counter-Strike,13553955.46,12840725.72,4225,1017,4.154375614552606,3208.0367952662723,13327.389832841693
Day of Defeat,51180.41,51180.41,43,4,10.75,1190.2420930232558,12795.1025
StarCraft: Brood War,8627165.61,8176519.32,686,690,0.9942028985507246,12576.043163265305,12503.13856521739
Pro Evolution Soccer 3,25000.0,25000.0,8,2,4.0,3125.0,12500.0
Heavy Metal Machines,12339.33,0.0,35,1,35.0,352.5522857142857,12339.33
FIFA 08,207129.94,207129.94,68,17,4.0,3046.028529411765,12184.11411764706
Wise Star 2,12000.0,12000.0,3,1,3.0,4000.0,12000.0
Need for Speed: Underground 2,35629.48,35629.48,8,3,2.6666666666666665,4453.685,11876.493333333334
Quake II,140425.98,139800.0,34,12,2.8333333333333335,4130.175882352942,11702.165
TrackMania Nations,93381.66,53381.66,18,8,2.25,5187.87,11672.7075
Unreal Tournament 2004,133969.33,133969.33,41,12,3.4166666666666665,3267.544634146341,11164.110833333332
Mortal Kombat 11,545986.88,484724.68,210,49,4.285714285714286,2599.937523809524,11142.589387755103
Quake Champions,2760795.7,2120633.6,269,249,1.0803212851405624,10263.181040892194,11087.532931726908
Among Us,86000.0,0.0,14,8,1.75,6142.857142857143,10750.0
Need for Speed: ProStreet,32208.46,32208.46,12,3,4.0,2684.0383333333334,10736.153333333334
Quake III Arena,1146574.64,1131262.61,279,107,2.607476635514019,4109.586523297491,10715.650841121495
Gwent,1206277.17,755391.17,324,113,2.8672566371681416,3723.077685185185,10675.019203539823
World of Tanks Blitz,63330.0,60000.0,14,6,2.3333333333333335,4523.571428571428,10555.0
Unreal Tournament 2003,147473.91,147473.91,33,14,2.357142857142857,4468.9063636363635,10533.850714285714
Guitar Hero 5,10500.0,10500.0,3,1,3.0,3500.0,10500.0
Need for Speed: Shift,10500.0,10500.0,3,1,3.0,3500.0,10500.0
Quake 4,557039.27,554788.51,103,54,1.9074074074074074,5408.148252427185,10315.542037037038
Hyper Street Fighter II,10250.0,10250.0,8,1,8.0,1281.25,10250.0
Pro Evolution Soccer 6,20216.82,20216.82,5,2,2.5,4043.364,10108.41
Halo: Infinite,101000.0,0.0,50,10,5.0,2020.0,10100.0
Internet Chess Club,10000.0,0.0,6,1,6.0,1666.6666666666667,10000.0
UNO,30000.0,0.0,28,3,9.333333333333334,1071.4285714285713,10000.0
Golf With Your Friends,19400.0,0.0,11,2,5.5,1763.6363636363637,9700.0
Guitar Hero III: Legends of Rock,19000.0,19000.0,8,2,4.0,2375.0,9500.0
Guns of Boom,198750.0,190000.0,8,21,0.38095238095238093,24843.75,9464.285714285714
FIFA 06,112464.53,112464.53,23,12,1.9166666666666667,4889.762173913044,9372.044166666667
Counter-Strike: Source,3117222.29,2876766.03,1502,333,4.51051051051051,2075.381018641811,9361.027897897899
Defense of the Ancients,857420.65,829658.68,468,94,4.9787234042553195,1832.095405982906,9121.496276595744
Need for Speed Carbon,36322.58,36322.58,12,4,3.0,3026.8816666666667,9080.645
Lichess,1264077.78,0.0,336,140,2.4,3762.13625,9029.127
RaceRoom Racing Experience,231436.2,82583.7,159,26,6.115384615384615,1455.5735849056605,8901.392307692307
Rocket League,16787959.34,4466348.99,1985,1969,1.0081259522600305,8457.410246851385,8526.134758760792
Pok<U+00E9>mon VGC,211602.0,211500.0,173,25,6.92,1223.1329479768785,8464.08
Mortal Kombat X,523532.42,523532.42,100,62,1.6129032258064515,5235.3242,8444.071290322581
Guild Wars 2,476005.5,350000.0,152,57,2.6666666666666665,3131.6151315789475,8350.973684210527
Assetto Corsa Competizione,268281.0,172370.0,249,33,7.545454545454546,1077.433734939759,8129.727272727273
Heroes of Newerth,2918706.56,1552890.01,813,371,2.1913746630727764,3590.0449692496927,7867.13358490566
Wolfenstein: Enemy Territory,140963.24,138376.87,152,18,8.444444444444445,927.3897368421052,7831.291111111111
Halo: Combat Evolved,299281.0,299281.0,118,39,3.0256410256410255,2536.2796610169494,7673.871794871795
Dirt Rally 2.0,30000.0,10000.0,9,4,2.25,3333.3333333333335,7500.0
Mortal Kombat XL,134203.79,129203.79,55,18,3.0555555555555554,2440.068909090909,7455.766111111112
FIFA 13,458427.82,448195.59,53,62,0.8548387096774194,8649.581509433963,7393.997096774194
Grey Goo,36400.0,30400.0,18,5,3.6,2022.2222222222222,7280.0
Attack on Titan Tribute Game,108650.0,0.0,21,15,1.4,5173.809523809524,7243.333333333333
Battalion 1944,202654.67,129863.88,121,28,4.321428571428571,1674.8319834710744,7237.666785714287
FIFA 05,57728.01,57728.01,5,8,0.625,11545.602,7216.00125
Tekken 7,1909590.88,1869221.77,455,266,1.7105263157894737,4196.903032967033,7178.9130827067665
Street Fighter V: Champion Edition,736751.93,291269.47,175,105,1.6666666666666667,4210.011028571429,7016.685047619048
Doom (2016),7000.0,7000.0,6,1,6.0,1166.6666666666667,7000.0
Chess.com,1975964.33,0.0,782,286,2.734265734265734,2526.8086061381077,6908.966188811189
Assetto Corsa,631170.75,327489.6,244,94,2.595744680851064,2586.7653688524592,6714.58244680851
Dead By Daylight,60000.0,0.0,35,9,3.888888888888889,1714.2857142857142,6666.666666666667
Command & Conquer 3,53086.67,53086.67,9,8,1.125,5898.518888888889,6635.83375
Call of Duty: Advanced Warfare,2611808.93,2267636.14,783,405,1.9333333333333333,3335.643588761175,6448.910938271605
FIFA 09,121618.34,115321.42,52,19,2.736842105263158,2338.8142307692306,6400.965263157895
S.K.I.L.L. - Special Force 2,132532.93,116555.81,82,21,3.9047619047619047,1616.255243902439,6311.0919047619045
Project Gotham Racing 4,25208.46,25208.46,5,4,1.25,5041.692,6302.115
ShootMania Storm,262090.69,258286.5,108,43,2.511627906976744,2426.765648148148,6095.132325581395
QuakeWorld,103551.67,98005.44,49,17,2.8823529411764706,2113.299387755102,6091.2747058823525
Call of Duty: Modern Warfare 2,117360.64,51010.64,65,20,3.25,1805.5483076923076,5868.032
StarCraft II,36249504.04,29428638.63,2115,6283,0.3366226325003979,17139.24540898345,5769.457908642368
Virtua Fighter 5,39830.0,39830.0,14,7,2.0,2845.0,5690.0
Mordhau,16623.0,0.0,40,3,13.333333333333334,415.575,5541.0
Forza Motorsport 3,11000.0,11000.0,3,2,1.5,3666.6666666666665,5500.0
WarCraft III: Reforged,1053536.12,425883.84,103,192,0.5364583333333334,10228.506019417477,5487.167291666668
Mortal Kombat 9,136891.67,136891.67,67,26,2.576923076923077,2043.1592537313434,5265.0642307692315
Guilty Gear XX Slash,10250.0,10250.0,6,2,3.0,1708.3333333333333,5125.0
Need for Speed: Most Wanted,35694.54,35694.54,18,7,2.5714285714285716,1983.03,5099.22
The Elder Scrolls: Legends,5000.0,5000.0,3,1,3.0,1666.6666666666667,5000.0
Rage,5000.0,5000.0,3,1,3.0,1666.6666666666667,5000.0
BlazBlue: Continuum Shift II,24591.01,24591.01,14,5,2.8,1756.5007142857141,4918.201999999999
Call of Duty 4: Modern Warfare,420331.47,387929.31,422,86,4.906976744186046,996.0461374407582,4887.575232558139
Pro Evolution Soccer 2016,27243.84,27243.84,17,6,2.8333333333333335,1602.5788235294117,4540.64
WarCraft III,5811479.73,5038870.86,558,1335,0.41797752808988764,10414.838225806452,4353.168337078652
FIFA 16,117828.11,116883.94,61,28,2.1785714285714284,1931.6083606557377,4208.146785714286
Critical Ops,12606.41,2500.0,4,3,1.3333333333333333,3151.6025,4202.136666666666
Power Rangers: Legacy Wars,4178.55,4178.55,2,1,2.0,2089.275,4178.55
Crab Game,45950.0,44000.0,32,11,2.909090909090909,1435.9375,4177.272727272727
Samurai Shodown (2019),77723.31,77598.31,72,19,3.789473684210526,1079.4904166666665,4090.7005263157894
Killer Instinct (2013),224986.96,224916.96,129,56,2.3035714285714284,1744.0849612403101,4017.6242857142856
Tekken 6,119874.64,119874.64,59,30,1.9666666666666666,2031.7735593220339,3995.8213333333333
Evolve,131509.05,126054.1,110,33,3.3333333333333335,1195.536818181818,3985.122727272727
Call of Duty 2,66828.51,60874.71,41,17,2.411764705882353,1629.9636585365852,3931.0888235294115
Brawlhalla,1965971.09,692347.3,645,521,1.238003838771593,3048.0171937984496,3773.4569865642998
rFactor,15083.56,0.0,51,4,12.75,295.75607843137254,3770.89
Playchess.com,32866.58,0.0,116,9,12.88888888888889,283.33258620689656,3651.8422222222225
Team Fortress 2,718078.81,393807.2,1364,197,6.9238578680203045,526.4507404692082,3645.070101522843
Battlefield 3,25407.46,25407.46,5,7,0.7142857142857143,5081.492,3629.637142857143
Ultra Street Fighter IV,817003.46,816963.46,231,230,1.0043478260869565,3536.811515151515,3552.188956521739
Bloodline Champions,41905.32,40850.0,43,12,3.5833333333333335,974.5423255813953,3492.11
Marvel vs. Capcom: Infinite,76256.72,76202.12,60,22,2.727272727272727,1270.9453333333333,3466.2145454545457
Prophecy,13000.0,0.0,27,4,6.75,481.48148148148147,3250.0
Dead or Alive 6,64532.54,63422.54,65,20,3.25,992.8083076923077,3226.627
Tekken 4,12500.0,12500.0,4,4,1.0,3125.0,3125.0
Nascar Heat 5,6125.0,2500.0,20,2,10.0,306.25,3062.5
Project Cars 2,66150.0,58150.0,37,22,1.6818181818181819,1787.837837837838,3006.818181818182
Pokk<U+00E9>n Tournament,77216.66,76971.66,65,26,2.5,1187.9486153846156,2969.8715384615384
NHL 19,22566.67,19566.67,10,8,1.25,2256.667,2820.83375
Guilty Gear -STRIVE-,93490.89,42497.57,124,34,3.6470588235294117,753.9587903225806,2749.7320588235293
Soul Calibur VI,174401.08,156727.09,114,65,1.7538461538461538,1529.8340350877193,2683.093538461538
King of Fighters 98,7945.57,7945.57,7,3,2.3333333333333335,1135.0814285714284,2648.523333333333
Hand of the Gods,94434.2,72500.0,48,36,1.3333333333333333,1967.3791666666666,2623.172222222222
Guilty Gear XX Accent Core,10365.0,10365.0,33,4,8.25,314.09090909090907,2591.25
Dragon Ball FighterZ,361498.77,338602.27,226,140,1.6142857142857143,1599.5520796460178,2582.1340714285716
BlazBlue: Cross Tag Battle,95866.82,93618.43,110,38,2.8947368421052633,871.5165454545455,2522.811052631579
Rocket League Sideswipe,2500.0,0.0,1,1,1.0,2500.0,2500.0
BlazBlue: Chronophantasma,37020.58,37020.58,63,15,4.2,587.628253968254,2468.038666666667
FIFA 10,117026.71,90147.21,64,48,1.3333333333333333,1828.54234375,2438.0564583333335
Tekken 5: Dark Resurrection,12180.0,12180.0,18,5,3.6,676.6666666666666,2436.0
TrackMania Nations Forever,167386.65,146554.75,109,73,1.4931506849315068,1535.6573394495413,2292.967808219178
Granblue Fantasy: Versus,160243.32,141172.21,65,71,0.9154929577464789,2465.2818461538463,2256.9481690140847
Soul Calibur V,60428.54,60428.54,79,27,2.925925925925926,764.9182278481013,2238.094074074074
Guilty Gear Xrd REV 2,121276.37,121081.37,118,57,2.0701754385964914,1027.7658474576272,2127.6556140350876
osu!,110396.8,539.59,1366,52,26.26923076923077,80.81756954612005,2123.015384615385
Super Street Fighter II Turbo HD Remix,16360.0,16360.0,29,8,3.625,564.1379310344828,2045.0
Age of Empires II,2296502.8,720999.87,1528,1140,1.3403508771929824,1502.9468586387434,2014.4761403508771
Melty Blood: Type Lumina,2004.59,2004.59,8,1,8.0,250.57375,2004.59
ComPet,2000.0,0.0,50,1,50.0,40.0,2000.0
BlazBlue: Central Fiction,82976.91,82680.07,90,42,2.142857142857143,921.9656666666667,1975.6407142857145
Age of Empires,191181.81,156839.89,261,99,2.6363636363636362,732.4973563218391,1931.1293939393938
Guilty Gear Xrd -REVELATOR-,36437.43,36437.43,61,19,3.210526315789474,597.3349180327868,1917.7594736842104
Age of Empires IV,151091.75,217.0,248,79,3.1392405063291138,609.2409274193549,1912.5537974683543
King of Fighters XIV,74402.09,73542.09,90,39,2.3076923076923075,826.6898888888888,1907.7458974358974
Million Arthur: Arcana Blood,7540.0,7530.0,12,4,3.0,628.3333333333334,1885.0
Rivals of Aether,39268.62,36737.0,50,21,2.380952380952381,785.3724000000001,1869.9342857142858
Marvel vs. Capcom 3,22343.62,22343.62,38,12,3.1666666666666665,587.99,1861.9683333333332
Gears of War 3,7255.81,4555.81,13,4,3.25,558.1392307692308,1813.9525
Day of Defeat: Source,14068.57,10286.47,50,8,6.25,281.3714,1758.57125
Super Street Fighter IV Arcade Edition,355586.67,355586.67,154,204,0.7549019607843137,2309.0043506493507,1743.0719117647059
Battlefield 4,245766.46,212540.31,204,145,1.4068965517241379,1204.7375490196077,1694.9411034482757
Super Street Fighter IV,30229.3,20877.3,43,18,2.388888888888889,703.006976744186,1679.4055555555556
Quake Live,683479.12,599972.93,220,412,0.5339805825242718,3106.7232727272726,1658.9299029126214
Gran Turismo 3: A-Spec,3250.0,3250.0,4,2,2.0,812.5,1625.0
Tetris,42515.99,16633.17,67,28,2.392857142857143,634.5670149253731,1518.4282142857141
Madden NFL 2004,1500.0,1500.0,3,1,3.0,500.0,1500.0
Super Smash Bros. for Wii U,1515451.47,1512816.47,1281,1035,1.23768115942029,1183.022224824356,1464.2043188405796
Splatoon 2,10055.0,9755.0,13,7,1.8571428571428572,773.4615384615385,1436.4285714285713
Company of Heroes 2,8561.22,7956.22,11,6,1.8333333333333333,778.2927272727272,1426.87
FIFA 14,96347.81,87377.48,57,69,0.8260869565217391,1690.3124561403508,1396.345072463768
Marvel vs. Capcom 2,39060.0,39050.0,60,28,2.142857142857143,651.0,1395.0
Mystery Game Tournament,10995.0,10995.0,56,8,7.0,196.33928571428572,1374.375
Gran Turismo Sport,30022.56,27511.0,119,22,5.409090909090909,252.29042016806724,1364.6618181818183
Under Night In-Birth EXE: Late[st],54583.33,54583.33,109,40,2.725,500.76449541284404,1364.5832500000001
Super Smash Bros. Melee,3497427.71,3432808.94,1913,2628,0.7279299847792998,1828.242399372713,1330.8324619482496
Skullgirls 2nd Encore,23663.02,18351.0,40,18,2.2222222222222223,591.5755,1314.6122222222223
Live for Speed,11599.14,9219.14,22,9,2.4444444444444446,527.2336363636364,1288.7933333333333
Super Smash Bros. Ultimate,1991920.39,1674847.32,2242,1564,1.4335038363171355,888.4569090098126,1273.6063874680306
Street Fighter III: 3rd Strike,50741.58,50174.36,92,40,2.3,551.5389130434783,1268.5395
Capcom vs. SNK 2,24246.79,24246.79,37,20,1.85,655.3186486486487,1212.3395
FIFA 11,93983.77,85154.02,72,78,0.9230769230769231,1305.330138888889,1204.9201282051283
Fantasy Strike,5799.8,2610.0,21,5,4.2,276.18095238095236,1159.96
Tekken 5,10250.0,10250.0,10,9,1.1111111111111112,1025.0,1138.888888888889
NHL 15,3157.16,3157.16,3,3,1.0,1052.3866666666665,1052.3866666666665
King of Fighters XIII,44724.28,44724.28,107,43,2.488372093023256,417.98392523364487,1040.099534883721
Shards of War,1029.21,0.0,20,1,20.0,51.4605,1029.21
Trackmania United,1027.5,1027.5,3,1,3.0,342.5,1027.5
NHL 14,3023.96,3023.96,6,3,2.0,503.99333333333334,1007.9866666666667
Rising Thunder,1000.0,1000.0,3,1,3.0,333.3333333333333,1000.0
Mythgard,3000.0,0.0,9,3,3.0,333.3333333333333,1000.0
Metal Gear Online,8000.0,0.0,37,8,4.625,216.21621621621622,1000.0
Arcana Heart 3,1000.0,1000.0,4,1,4.0,250.0,1000.0
Guilty Gear Xrd -SIGN-,37445.66,37445.66,80,38,2.1052631578947367,468.07075000000003,985.412105263158
Persona 4 Arena Ultimax,18948.16,18948.16,61,20,3.05,310.6255737704918,947.408
Naruto Shippuden: Ultimate Ninja Storm 4,4550.0,2000.0,7,5,1.4,650.0,910.0
Street Fighter X Tekken,84090.64,83229.34,115,93,1.2365591397849462,731.2229565217391,904.2004301075269
Tekken Tag Tournament 2,126175.7,126175.7,143,140,1.0214285714285714,882.3475524475524,901.255
Battlerite,65173.45,28000.0,86,75,1.1466666666666667,757.8308139534884,868.9793333333333
Diabotical,197816.77,21004.36,340,231,1.4718614718614718,581.8140294117646,856.3496536796537
Age of Mythology,100701.0,52000.0,129,122,1.0573770491803278,780.6279069767442,825.4180327868852
FIFA 12,54431.52,47279.42,53,66,0.803030303030303,1027.0098113207546,824.7199999999999
Faeria,4100.0,0.0,12,5,2.4,341.6666666666667,820.0
Star Wars: Squadrons,800.0,0.0,4,1,4.0,200.0,800.0
Pokk<U+00E9>n Tournament DX,22125.4,21914.0,44,28,1.5714285714285714,502.85,790.1928571428572
Age of Empires III,93913.65,41800.0,139,120,1.1583333333333334,675.6377697841726,782.61375
Dead or Alive 5: Last Round,15413.82,15413.82,46,20,2.3,335.0830434782609,770.691
Trackmania (2020),180196.68,3888.42,285,239,1.1924686192468619,632.2690526315789,753.9610041841004
Touhou Hisoutensoku ~ Choudokyuu Ginyoru no Nazo o Oe,4501.52,220.0,18,6,3.0,250.08444444444447,750.2533333333334
Dota Underlords,26024.18,0.0,62,36,1.7222222222222223,419.7448387096774,722.8938888888889
Super Smash Bros. Brawl,247285.83,247285.83,503,345,1.4579710144927536,491.6219284294234,716.7705217391303
Skullgirls Encore,9155.4,9155.4,37,13,2.8461538461538463,247.44324324324324,704.2615384615384
Artifact Classic,119398.54,11635.81,277,170,1.6294117647058823,431.04166064981945,702.3443529411765
TrackMania 2: Stadium,198832.27,107640.31,349,284,1.2288732394366197,569.7199713467048,700.1136267605633
Pro Evolution Soccer 2009,1395.97,0.0,5,2,2.5,279.194,697.985
Pro Evolution Soccer 2008,2084.15,2084.15,6,3,2.0,347.35833333333335,694.7166666666667
Ultimate Marvel vs. Capcom 3,123611.42,121484.07,195,178,1.095505617977528,633.9047179487179,694.4461797752809
Street Fighter IV,7938.22,7938.22,41,12,3.4166666666666665,193.61512195121952,661.5183333333333
Eternal Fighter Zero,1311.6,0.0,7,2,3.5,187.37142857142857,655.8
Tetris Effect: Connected,1934.91,1552.88,12,3,4.0,161.2425,644.97
Doom II: Hell on Earth,5108.56,2200.0,14,8,1.75,364.8971428571429,638.57
Unreal Tournament (2016),5084.97,0.0,82,8,10.25,62.011829268292686,635.62125
Soul Calibur II,4980.0,4980.0,17,8,2.125,292.94117647058823,622.5
TrackMania 2: Canyon,22098.74,16559.04,21,36,0.5833333333333334,1052.3209523809523,613.853888888889
Project M,205292.09,205292.09,560,335,1.671641791044776,366.59301785714285,612.8122089552239
Project Cars,68029.21,10602.71,50,115,0.43478260869565216,1360.5842000000002,591.558347826087
Warparty,1175.0,0.0,6,2,3.0,195.83333333333334,587.5
Persona 4 Arena,6336.63,6336.63,42,11,3.8181818181818183,150.87214285714285,576.0572727272728
Super Smash Bros.,68832.81,68692.81,238,126,1.8888888888888888,289.21348739495795,546.2921428571428
Divekick,5840.0,5840.0,27,11,2.4545454545454546,216.2962962962963,530.9090909090909
Super Street Fighter II Turbo,24322.45,24322.45,109,47,2.3191489361702127,223.14174311926607,517.4989361702128
Power Rangers: Battle for the Grid,4540.6,880.0,22,9,2.4444444444444446,206.3909090909091,504.5111111111112
NBA 2K21,501.0,0.0,3,1,3.0,167.0,501.0
Virtua Fighter 5: Ultimate Showdown,1000.0,0.0,13,2,6.5,76.92307692307692,500.0
Black Squad,8480.72,0.0,57,17,3.3529411764705883,148.78456140350875,498.8658823529411
Nitroplus Blasterz: Heroines Infinite Duel,1994.0,1994.0,10,4,2.5,199.4,498.5
Puyo Puyo Champions,2482.3,2071.8,14,5,2.8,177.30714285714288,496.46000000000004
NHL '94,3818.56,3818.56,25,8,3.125,152.7424,477.32
Guilty Gear XX Accent Core Plus R,13802.14,5530.0,79,29,2.7241379310344827,174.7106329113924,475.9358620689655
Vampire Savior,9465.95,8318.74,32,20,1.6,295.8109375,473.2975
Lethal League Blaze,5643.92,1677.75,25,12,2.0833333333333335,225.7568,470.32666666666665
Puyo Puyo Tetris 2,896.02,785.85,10,2,5.0,89.602,448.01
BlazBlue: Chronophantasma Extend,4918.77,4918.77,28,11,2.5454545454545454,175.67035714285717,447.1609090909091
Under Night In-Birth Exe:Late[cl-r],2231.13,1601.37,25,5,5.0,89.24520000000001,446.226
Mario Kart 8 Deluxe,1754.44,1754.44,30,4,7.5,58.48133333333333,438.61
Melty Blood: Actress Again Current Code,9529.93,6765.0,60,22,2.727272727272727,158.83216666666667,433.1786363636364
SNK Heroines: Tag Team Frenzy,430.0,430.0,3,1,3.0,143.33333333333334,430.0
FIFA 15,144373.99,116439.15,168,352,0.4772727272727273,859.368988095238,410.15338068181813
Teenage Mutant Ninja Turtles: Tournament Fighters,820.0,820.0,7,2,3.5,117.14285714285714,410.0
Tetr.io,5287.88,2034.4,27,13,2.076923076923077,195.84740740740742,406.76
Blaston,2428.12,0.0,12,6,2.0,202.34333333333333,404.68666666666667
Trackmania 2: Valley,779.34,779.34,6,2,3.0,129.89000000000001,389.67
King of Fighters 2002 Unlimited Match,760.0,760.0,6,2,3.0,126.66666666666667,380.0
Duck Game,750.0,0.0,5,2,2.5,150.0,375.0
Windjammers,5401.47,4912.16,35,15,2.3333333333333335,154.32771428571428,360.098
NHL 12,702.93,702.93,6,2,3.0,117.15499999999999,351.465
Microsoft Excel,1400.0,0.0,8,4,2.0,175.0,350.0
Splatoon,1390.0,0.0,3,4,0.75,463.3333333333333,347.5
Xonotic,14405.01,26.07,146,42,3.4761904761904763,98.66445205479452,342.9764285714286
Trackmania Turbo,679.41,0.0,6,2,3.0,113.235,339.705
Ultra Fight Da! Kyanta 2,320.0,320.0,3,1,3.0,106.66666666666667,320.0
Age of Empires Online,5356.56,775.0,25,17,1.4705882352941178,214.2624,315.0917647058824
Injustice: Gods Among Us,35176.89,35176.89,101,117,0.8632478632478633,348.2860396039604,300.65717948717946
Skullgirls,300.0,300.0,3,1,3.0,100.0,300.0
SLAYERS FOR HIRE,600.0,0.0,8,2,4.0,75.0,300.0
Slap City,600.0,0.0,5,2,2.5,120.0,300.0
Smash Remix,299.06,0.0,4,1,4.0,74.765,299.06
Gundam Versus,280.0,280.0,6,1,6.0,46.666666666666664,280.0
Sailor Moon S,3281.19,3271.19,20,12,1.6666666666666667,164.0595,273.4325
Reflex,2458.37,163.66,24,9,2.6666666666666665,102.43208333333332,273.15222222222224
Under Night In-Birth EXE: Late,6025.76,6025.76,52,23,2.260869565217391,115.88000000000001,261.9895652173913
Street Fighter Alpha 2,2594.69,1480.0,23,10,2.3,112.81260869565217,259.469
Koihime Enbu,1765.0,1615.0,14,7,2.0,126.07142857142857,252.14285714285714
Dengeki Bunko: Fighting Climax Ignition,3202.8,3017.3,36,13,2.769230769230769,88.96666666666667,246.3692307692308
Fighting EX Layer,1642.96,1632.96,16,7,2.2857142857142856,102.685,234.70857142857145
Rushdown Revolt,4160.09,0.0,31,18,1.7222222222222223,134.19645161290322,231.1161111111111
Kill la Kill the Game: IF,920.0,770.0,12,4,3.0,76.66666666666667,230.0
ARMS,20130.77,13261.93,110,88,1.25,183.007,228.75875
MOBA Legends,225.0,0.0,3,1,3.0,75.0,225.0
Kirby Fighters 2,222.86,0.0,4,1,4.0,55.715,222.86
Yu-Gi-Oh! Duel Links,48746.72,0.0,328,219,1.4977168949771689,148.6180487804878,222.58776255707764
Tetris Ultimate,221.0,221.0,3,1,3.0,73.66666666666667,221.0
Catherine,1545.0,1470.0,11,7,1.5714285714285714,140.45454545454547,220.71428571428572
Super Mario Party,220.0,220.0,4,1,4.0,55.0,220.0
GRID (2019),218.75,218.75,3,1,3.0,72.91666666666667,218.75
Puyo Puyo Tetris,3422.84,1617.75,31,16,1.9375,110.4141935483871,213.9275
Arcana Heart 3: LOVE MAX!!!!!,410.0,410.0,6,2,3.0,68.33333333333333,205.0
Dragon Ball Z: Budokai 3,204.06,204.06,3,1,3.0,68.02,204.06
Naruto: Gekitou Ninja Taisen! 4,200.0,0.0,3,1,3.0,66.66666666666667,200.0
Punch Planet,400.0,0.0,6,2,3.0,66.66666666666667,200.0
Fighter's History Dynamite,195.0,195.0,3,1,3.0,65.0,195.0
Cultris II,190.95,0.0,3,1,3.0,63.65,190.95
Soul Calibur II HD Online,945.41,945.41,29,5,5.8,32.600344827586206,189.082
Catherine: Full Body,185.0,185.0,3,1,3.0,61.666666666666664,185.0
Warsow,183.0,0.0,2,1,2.0,91.5,183.0
Street Fighter EX2 Plus,350.0,350.0,5,2,2.5,70.0,175.0
Tatsunoko vs. Capcom: Ultimate All-Stars,2771.76,1330.81,16,16,1.0,173.235,173.235
Project Justice,165.0,165.0,3,1,3.0,55.0,165.0
Garou: Mark of the Wolves,658.71,513.71,13,4,3.25,50.67,164.6775
Maiden & Spell,325.0,0.0,5,2,2.5,65.0,162.5
Them's Fightin' Herds,4578.19,530.0,28,29,0.9655172413793104,163.5067857142857,157.86862068965516
Fight of Animals,630.68,0.0,9,4,2.25,70.07555555555555,157.67
Hokuto no Ken,145.0,145.0,3,1,3.0,48.333333333333336,145.0
Lemnis Gate,572.86,0.0,5,4,1.25,114.572,143.215
Arcana Heart 3: Love Max Six Stars!!!!!,570.0,520.0,8,4,2.0,71.25,142.5
DOOMBRINGER,567.77,0.0,8,4,2.0,70.97125,141.9425
Chaos Code: New Sign of Catastrophe,140.0,140.0,3,1,3.0,46.666666666666664,140.0
Jstris,275.0,0.0,12,2,6.0,22.916666666666668,137.5
Acceleration of SUGURI 2,410.0,210.0,8,3,2.6666666666666665,51.25,136.66666666666666
Forza Motorsport 4,132.37,132.37,2,1,2.0,66.185,132.37
Magical Drop III,130.0,130.0,3,1,3.0,43.333333333333336,130.0
Soul Calibur IV,260.0,260.0,3,2,1.5,86.66666666666667,130.0
Aquapazza: Aquaplus Dream Match,245.0,245.0,5,2,2.5,49.0,122.5
Samurai Shodown V Special,590.57,490.11,15,5,3.0,39.37133333333334,118.114
JoJo's Bizarre Adventure: Heritage for the Future,324.99,0.0,8,3,2.6666666666666665,40.62375,108.33
Schwarzerblitz,200.0,0.0,5,2,2.5,40.0,100.0
Chex Quest,100.0,0.0,2,1,2.0,50.0,100.0
Digimon Rumble Arena,200.0,0.0,5,2,2.5,40.0,100.0
Red Earth,100.0,0.0,3,1,3.0,33.333333333333336,100.0
Mighty Fight Federation,100.0,0.0,3,1,3.0,33.333333333333336,100.0
Tough Love Arena,100.0,0.0,3,1,3.0,33.333333333333336,100.0
Mobile Suit Gundam: Extreme Vs Maxi Boost ON,100.0,0.0,6,1,6.0,16.666666666666668,100.0
Toribash,100.0,0.0,3,1,3.0,33.333333333333336,100.0
Artifact Foundry,1174.5,0.0,21,12,1.75,55.92857142857143,97.875
Project Plus,195.0,0.0,6,2,3.0,32.5,97.5
Virtua Fighter 5 Final Showdown,573.77,573.77,28,6,4.666666666666667,20.491785714285715,95.62833333333333
Def Jam: Fight for NY,190.0,0.0,4,2,2.0,47.5,95.0
Pocket Rumble,185.0,0.0,5,2,2.5,37.0,92.5
Twinkle Star Sprites,150.0,0.0,4,2,2.0,37.5,75.0
Speedrunners,150.0,0.0,5,2,2.5,30.0,75.0
Ultimate Mortal Kombat 3,150.0,150.0,6,2,3.0,25.0,75.0
Beat Aim,430.0,0.0,12,6,2.0,35.833333333333336,71.66666666666667
Capcom vs. SNK,140.0,140.0,6,2,3.0,23.333333333333332,70.0
HYPERFIGHT,140.0,0.0,4,2,2.0,35.0,70.0
Panel Attack,140.0,0.0,5,2,2.5,28.0,70.0
Street Fighter Alpha 3,340.0,340.0,16,5,3.2,21.25,68.0
Umineko: Golden Fantasia,190.0,90.0,9,3,3.0,21.11111111111111,63.333333333333336
Shovel Knight Showdown,60.0,60.0,3,1,3.0,20.0,60.0
Dengeki Bunko: Fighting Climax,60.0,60.0,3,1,3.0,20.0,60.0
Roof Rage,50.0,0.0,3,1,3.0,16.666666666666668,50.0
Power Instinct: Matrimelee,90.0,0.0,5,2,2.5,18.0,45.0
Shrek SuperSlam,80.0,0.0,4,2,2.0,20.0,40.0
Samurai Shodown III,70.0,0.0,5,2,2.5,14.0,35.0
BlazBlue: Calamity Trigger,35.0,35.0,3,1,3.0,11.666666666666666,35.0
Guilty Gear,32.0,32.0,3,1,3.0,10.666666666666666,32.0
Mario Tennis Aces,61.3,0.0,6,2,3.0,10.216666666666667,30.65
The Last Blade 2,60.0,0.0,4,2,2.0,15.0,30.0
King of Fighters XI,25.0,25.0,3,1,3.0,8.333333333333334,25.0
Akatsuki Blitzkampf,20.0,0.0,3,1,3.0,6.666666666666667,20.0
Breakers Revenge,16.0,0.0,3,1,3.0,5.333333333333333,16.0
Asuka 120% LimitOver BURNING Fest.,10.0,0.0,3,1,3.0,3.3333333333333335,10.0
Dead or Alive 5,0.0,0.0,4,2,2.0,0.0,0.0
BlazBlue: Continuum Shift Extend,0.0,0.0,3,1,3.0,0.0,0.0
Mortal Kombat vs. DC Universe,0.0,0.0,3,1,3.0,0.0,0.0
Dead or Alive 5 Ultimate,0.0,0.0,37,7,5.285714285714286,0.0,0.0
Melty Blood: Actress Again,0.0,0.0,10,2,5.0,0.0,0.0
Tekken Tag Tournament,0.0,0.0,7,4,1.75,0.0,0.0
Just Dance 2014,0.0,0.0,3,1,3.0,0.0,0.0
Guilty Gear XX,0.0,0.0,5,2,2.5,0.0,0.0
Guilty Gear XX #Reload,0.0,0.0,3,1,3.0,0.0,0.0
Guilty Gear XX Accent Core Plus,0.0,0.0,3,1,3.0,0.0,0.0
Virtua Fighter 4: Evolution,0.0,0.0,6,3,2.0,0.0,0.0
